{"cameraMode":{"drawMode":0,"name":"Shaded","section":"Shading Mode"},"sceneLighting":true,"audioPlay":false,"sceneViewState":{"showFog":true,"showMaterialUpdate":false,"showSkybox":true,"showFlares":true,"showImageEffects":true,"showParticleSystems":true},"in2DMode":false,"pivot":{"x":-1.3145246505737305,"y":0.4783870279788971,"z":-3.043323516845703},"rotation":{"x":0.14629462361335755,"y":-0.20176662504673005,"z":0.03049365058541298,"w":0.9679716229438782},"size":40.07059097290039,"orthographic":true}