{"cameraMode":{"drawMode":0,"name":"Shaded","section":"Shading Mode"},"sceneLighting":true,"audioPlay":false,"sceneViewState":{"showFog":true,"showMaterialUpdate":false,"showSkybox":true,"showFlares":true,"showImageEffects":true,"showParticleSystems":true},"in2DMode":false,"pivot":{"x":0.8770401477813721,"y":1.1419275999069214,"z":0.9739316701889038},"rotation":{"x":0.14230257272720338,"y":-0.5508837103843689,"z":0.09598137438297272,"w":0.8167433738708496},"size":4.056272506713867,"orthographic":true}